<application>
  <component name="FileTypeManager" version="18">
    <extensionMap>
      <mapping ext="gradle.kts" type="Kotlin" />
      <mapping ext="main.kts" type="Kotlin" />
      <mapping ext="mp3" type="Native" />
      <mapping pattern=".gitkeep" type="PLAIN_TEXT" />
      <mapping pattern="lint" type="XML" />
      <mapping pattern=".analysis_options" type="YAML" />
      <removed_mapping ext="apk" approved="true" type="ARCHIVE" />
      <removed_mapping ext="psd" approved="true" type="Image" />
    </extensionMap>
  </component>
</application>