<keymap version="1" name="Mac OS X 10.5+ ororo" parent="Mac OS X 10.5+">
  <action id="Android.CleanRun" />
  <action id="Arrangement.Rule.Match.Condition.Move.Down">
    <keyboard-shortcut first-keystroke="j" />
  </action>
  <action id="Arrangement.Rule.Match.Condition.Move.Up">
    <keyboard-shortcut first-keystroke="k" />
  </action>
  <action id="Back">
    <keyboard-shortcut first-keystroke="meta open_bracket" />
    <mouse-shortcut keystroke="button4" />
  </action>
  <action id="ChooseDebugConfiguration" />
  <action id="ChooseRunConfiguration" />
  <action id="CopyElement" />
  <action id="Debug">
    <keyboard-shortcut first-keystroke="f5" />
  </action>
  <action id="EditSource">
    <keyboard-shortcut first-keystroke="f4" />
  </action>
  <action id="EditorBackSpace">
    <keyboard-shortcut first-keystroke="back_space" />
    <keyboard-shortcut first-keystroke="shift back_space" />
    <keyboard-shortcut first-keystroke="ctrl h" />
  </action>
  <action id="EditorChooseLookupItemCompleteStatement" />
  <action id="EditorCompleteStatement" />
  <action id="EditorDelete">
    <keyboard-shortcut first-keystroke="delete" />
    <keyboard-shortcut first-keystroke="ctrl d" />
  </action>
  <action id="EditorLineEnd">
    <keyboard-shortcut first-keystroke="end" />
    <keyboard-shortcut first-keystroke="meta right" />
  </action>
  <action id="EditorSelectWord" />
  <action id="EditorSplitLine" />
  <action id="EditorStartNewLine">
    <keyboard-shortcut first-keystroke="meta enter" />
  </action>
  <action id="EditorStartNewLineBefore">
    <keyboard-shortcut first-keystroke="shift meta enter" />
  </action>
  <action id="EditorTextEnd">
    <keyboard-shortcut first-keystroke="meta down" />
  </action>
  <action id="EditorTextStart">
    <keyboard-shortcut first-keystroke="meta up" />
  </action>
  <action id="EditorUnSelectWord" />
  <action id="FileChooser.TogglePathShowing" />
  <action id="Forward">
    <keyboard-shortcut first-keystroke="meta close_bracket" />
    <mouse-shortcut keystroke="button5" />
  </action>
  <action id="Github.PullRequest.Changes.Reload" />
  <action id="Github.PullRequest.Comments.Reload" />
  <action id="Github.PullRequest.Details.Reload" />
  <action id="Github.PullRequest.Timeline.Update" />
  <action id="GotoDeclaration">
    <mouse-shortcut keystroke="meta button1" />
    <mouse-shortcut keystroke="Force touch" />
  </action>
  <action id="Macro.FormatCodeOnSave">
    <keyboard-shortcut first-keystroke="meta s" />
  </action>
  <action id="MethodOverloadSwitchDown" />
  <action id="MethodOverloadSwitchUp" />
  <action id="MoveStatementDown">
    <keyboard-shortcut first-keystroke="alt down" />
  </action>
  <action id="MoveStatementUp">
    <keyboard-shortcut first-keystroke="alt up" />
  </action>
  <action id="NavBar-selectEnd">
    <keyboard-shortcut first-keystroke="end" />
    <keyboard-shortcut first-keystroke="meta right" />
  </action>
  <action id="NextTab">
    <keyboard-shortcut first-keystroke="meta alt right" />
  </action>
  <action id="OpenModuleSettings">
    <keyboard-shortcut first-keystroke="f4" />
  </action>
  <action id="ParameterInfo" />
  <action id="PreviousTab">
    <keyboard-shortcut first-keystroke="meta alt left" />
  </action>
  <action id="RebuildGradleProject">
    <keyboard-shortcut first-keystroke="meta b" />
  </action>
  <action id="Refresh" />
  <action id="Resume">
    <keyboard-shortcut first-keystroke="meta alt r" />
    <keyboard-shortcut first-keystroke="f5" />
  </action>
  <action id="Run">
    <keyboard-shortcut first-keystroke="shift f5" />
  </action>
  <action id="RunAnything">
    <keyboard-shortcut first-keystroke="shift ctrl tab" second-keystroke="ctrl tab" />
  </action>
  <action id="RunClass">
    <keyboard-shortcut first-keystroke="shift ctrl r" />
    <keyboard-shortcut first-keystroke="f5" />
  </action>
  <action id="SaveAll" />
  <action id="SearchEverywhere">
    <keyboard-shortcut first-keystroke="meta p" />
  </action>
  <action id="SearchEverywhere.NavigateToNextGroup">
    <keyboard-shortcut first-keystroke="page_down" />
  </action>
  <action id="SearchEverywhere.NavigateToPrevGroup">
    <keyboard-shortcut first-keystroke="page_up" />
  </action>
  <action id="ShowNavBar">
    <keyboard-shortcut first-keystroke="alt home" />
  </action>
  <action id="ShowSearchHistory" />
  <action id="StepOver">
    <keyboard-shortcut first-keystroke="f10" />
  </action>
  <action id="TypeHierarchy" />
  <action id="TypeHierarchyBase.BaseOnThisType" />
  <action id="Vcs.EditSource">
    <keyboard-shortcut first-keystroke="f4" />
  </action>
  <action id="Vcs.Log.Refresh" />
  <action id="XDebugger.JumpToSource">
    <keyboard-shortcut first-keystroke="f4" />
  </action>
  <action id="android.deploy.ApplyChanges">
    <keyboard-shortcut first-keystroke="ctrl meta r" />
  </action>
  <action id="android.deploy.CodeSwap">
    <keyboard-shortcut first-keystroke="shift ctrl meta r" />
  </action>
  <action id="hg4idea.QRefresh" />
</keymap>